bin,prediction_correct_int
"(-0.001, 0.0289]",0.6262027151706867
"(0.0289, 0.228]",0.71605589243343
"(0.228, 0.396]",0.8042188529993408
"(0.396, 0.896]",0.8776855146961908
